{
  "bot_name": "Komihub Bot",
  "started_at": 1762176634.0610728,
  "total_commands": 0,
  "total_users": 0,
  "online_since": 1762176634.0610733,
  "version": "1.0.0"
}